params,r2_mean,r2_std,size_aug_mean,size_aug_std,size_noaug_mean,size_noaug_std
"{'max_heavy': 13, 'max_ratio': 0.20694136519761727, 'min_common': 4, 'pearson_thresh': 0.3281095702227851, 'crmsd_thresh': 1.7753759391778479, 'std_threshold': 2.0628054066439114}",0.6920966860246722,0.05229123768019032,2153.7,71.18855245051692,1791.9,9.741149829460587
"{'max_heavy': 12, 'max_ratio': 0.1733420154323635, 'min_common': 5, 'pearson_thresh': 0.5665734227459691, 'crmsd_thresh': 1.5966635849877835, 'std_threshold': 1.335750398325686}",0.6830097569741232,0.04966050148380585,1901.7,38.67053141605375,1791.9,9.741149829460587
"{'max_heavy': 19, 'max_ratio': 0.35954872265253884, 'min_common': 3, 'pearson_thresh': 0.2883373535316227, 'crmsd_thresh': 2.6803898505699855, 'std_threshold': 2.9895712614830936}",0.7063859010801472,0.053706446128422444,4988.7,167.5846353339112,1791.9,9.741149829460587
"{'max_heavy': 19, 'max_ratio': 0.3762403485114933, 'min_common': 3, 'pearson_thresh': 0.20205761589293778, 'crmsd_thresh': 0.4290576548342411, 'std_threshold': 1.4822104766096593}",0.6987379338638078,0.043951975408129416,3416.6,187.80425980259338,1791.9,9.741149829460587
"{'max_heavy': 11, 'max_ratio': 0.10913998792354218, 'min_common': 4, 'pearson_thresh': 0.19081742110169383, 'crmsd_thresh': 2.1107389625240707, 'std_threshold': 2.2789764371762016}",0.6888176259463248,0.053395003193896354,2108.1,63.138656938519055,1791.9,9.741149829460587
"{'max_heavy': 18, 'max_ratio': 0.31191703224363376, 'min_common': 5, 'pearson_thresh': 0.22931030645756537, 'crmsd_thresh': 0.982448276031033, 'std_threshold': 0.4472450549378415}",0.6958717172257624,0.05007581446477027,2246.6,80.97678679720504,1791.9,9.741149829460587
